,username,followers,followees,is_business,business_category,post_url,caption,hashtags,likes,comments,location,date_utc,img_type
0,sealotd,42022,58,False,N/A,https://scontent-dfw5-1.cdninstagram.com/v/t51.2885-15/350504683_1417729378794195_4572415201787472386_n.jpg?stp=dst-jpg_e35&efg=eyJ2ZW5jb2RlX3RhZyI6ImltYWdlX3VybGdlbi41OTd4NTk3LnNkciJ9&_nc_ht=scontent-dfw5-1.cdninstagram.com&_nc_cat=103&_nc_ohc=LlLy1D-oGAsAX-MyTbJ&edm=ALQROFkBAAAA&ccb=7-5&ig_cache_key=MzExNDg1MzYzMzQ4OTkzNDg2OQ%3D%3D.2-ccb7-5&oh=00_AfA8Wpuikp31VZfztITqllEXcB-phs4tqJAprTx7rf1bXQ&oe=6553D934&_nc_sid=fc8dfb,day 1474,[],125161,192,,2023-05-31 13:25:10,GraphImage
1,sealotd,42022,58,False,N/A,https://scontent-dfw5-2.cdninstagram.com/v/t51.2885-15/300898986_158186436797024_7357333190647456063_n.jpg?stp=dst-jpg_e35&efg=eyJ2ZW5jb2RlX3RhZyI6ImltYWdlX3VybGdlbi41Njd4NTY3LnNkciJ9&_nc_ht=scontent-dfw5-2.cdninstagram.com&_nc_cat=108&_nc_ohc=EY5Ro9QcexkAX-g4ehG&edm=ALQROFkBAAAA&ccb=7-5&ig_cache_key=MjkxMjYyMjEyNDU0NjA1NTc0Ng%3D%3D.2-ccb7-5&oh=00_AfA6LxwTNICsNP17_Q7OH0YhvHsunre8lh5b1BSENF3NRQ&oe=6553796A&_nc_sid=fc8dfb,day 1210,[],68129,98,,2022-08-25 12:47:15,GraphImage
2,sealotd,42022,58,False,N/A,https://scontent-dfw5-1.cdninstagram.com/v/t51.2885-15/329980778_725398299305637_772775040756559500_n.jpg?stp=dst-jpg_e35&efg=eyJ2ZW5jb2RlX3RhZyI6ImltYWdlX3VybGdlbi43MDh4ODM5LnNkciJ9&_nc_ht=scontent-dfw5-1.cdninstagram.com&_nc_cat=109&_nc_ohc=6EyvbeX6NXIAX8_qy65&edm=ALQROFkBAAAA&ccb=7-5&ig_cache_key=MzA1MTc2MDkzNTMwNDM4Mzg3NA%3D%3D.2-ccb7-5&oh=00_AfD-1swZldiem7mWJtxVEG1R7u8Feg7x3afiMLkCPA5bkQ&oe=655380AB&_nc_sid=fc8dfb,day 1388 #loaf,['loaf'],61001,105,,2023-03-05 12:11:14,GraphImage
3,sealotd,42022,58,False,N/A,https://scontent-dfw5-2.cdninstagram.com/v/t51.2885-15/302638664_784328489285954_8676674657098109688_n.jpg?stp=dst-jpg_e35&efg=eyJ2ZW5jb2RlX3RhZyI6ImltYWdlX3VybGdlbi41Njh4Mzg3LnNkciJ9&_nc_ht=scontent-dfw5-2.cdninstagram.com&_nc_cat=102&_nc_ohc=HAVtGlUUXrsAX-WMtH-&edm=ALQROFkBAAAA&ccb=7-5&ig_cache_key=MjkxOTE1MjQ3NTU2OTI3Njk5OA%3D%3D.2-ccb7-5&oh=00_AfCX1SS2WF7bkIfska7Ivx9pvZXIxcHKRgIAVJVKDmfFXw&oe=6553ADF1&_nc_sid=fc8dfb,day 1219,[],56161,128,,2022-09-03 13:01:54,GraphImage
4,sealotd,42022,58,False,N/A,https://scontent-dfw5-2.cdninstagram.com/v/t51.2885-15/344211799_580182787540336_3136187277186502405_n.jpg?stp=dst-jpg_e35&efg=eyJ2ZW5jb2RlX3RhZyI6ImltYWdlX3VybGdlbi43NDh4NTYxLnNkciJ9&_nc_ht=scontent-dfw5-2.cdninstagram.com&_nc_cat=104&_nc_ohc=K0q4Xi_Hz9EAX_Gc4G_&edm=ALQROFkBAAAA&ccb=7-5&ig_cache_key=MzA5MzEwNzMzODg0NDg4ODI1OA%3D%3D.2-ccb7-5&oh=00_AfCc8dTcMsQ4hX0d9GaOWCO66EQbQ3_5mJu0-dh9hcrpqA&oe=6553E9CD&_nc_sid=fc8dfb,day 1445 #shrimp,['shrimp'],41888,35,,2023-05-01 13:19:10,GraphImage
5,sealotd,42022,58,False,N/A,https://scontent-dfw5-1.cdninstagram.com/v/t51.2885-15/71525995_524790874985903_8331374643052039696_n.jpg?stp=dst-jpg_e35&efg=eyJ2ZW5jb2RlX3RhZyI6ImltYWdlX3VybGdlbi42NDB4NjQwLnNkciJ9&_nc_ht=scontent-dfw5-1.cdninstagram.com&_nc_cat=111&_nc_ohc=DtasNOPc30QAX92LBGr&edm=ALQROFkBAAAA&ccb=7-5&ig_cache_key=MjE1NDQ2OTAyMDEyMjk3NzM5Ng%3D%3D.2-ccb7-5&oh=00_AfDdQfjT5KSmW2jeAQLOVgHruTKYTqvpMRc7sY4uNlQIJw&oe=6554287E&_nc_sid=fc8dfb,day 159 (thanks @bekozybekahm !) #seal #seals #sealsofinstagram #dailyseal #sealotd #cute #cuteanimals #pinniped #pinnipeds #chonk,"['seal', 'seals', 'sealsofinstagram', 'dailyseal', 'sealotd', 'cute', 'cuteanimals', 'pinniped', 'pinnipeds', 'chonk']",33765,572,,2019-10-14 11:32:22,GraphImage
6,sealotd,42022,58,False,N/A,https://scontent-dfw5-2.cdninstagram.com/v/t51.2885-15/355409731_968927444255214_18933471723765118_n.jpg?stp=dst-jpg_e35&efg=eyJ2ZW5jb2RlX3RhZyI6ImltYWdlX3VybGdlbi43NDZ4OTMyLnNkciJ9&_nc_ht=scontent-dfw5-2.cdninstagram.com&_nc_cat=106&_nc_ohc=5KyGSq4Ue7AAX_kFBcC&edm=ALQROFkBAAAA&ccb=7-5&ig_cache_key=MzEzMDcyMzk4NzkzMjQxMTc4NQ%3D%3D.2-ccb7-5&oh=00_AfAzbymjvG_6yzs9hQ4Vz7PFQttOzVBzGxooV_ER2JK8DA&oe=655404B0&_nc_sid=fc8dfb,day 1496 #orb,['orb'],21013,52,,2023-06-22 10:56:44,GraphImage
7,sealotd,42022,58,False,N/A,https://scontent-dfw5-2.cdninstagram.com/v/t51.2885-15/69208983_3520279861322882_2938233998747390561_n.jpg?stp=dst-jpg_e35&efg=eyJ2ZW5jb2RlX3RhZyI6ImltYWdlX3VybGdlbi4zMjB4MzIwLnNkciJ9&_nc_ht=scontent-dfw5-2.cdninstagram.com&_nc_cat=102&_nc_ohc=4eQDRMEj2ssAX8avnTT&edm=ALQROFkBAAAA&ccb=7-5&ig_cache_key=MjEzNTU5Nzk3OTc0MTA2ODU4Nw%3D%3D.2-ccb7-5&oh=00_AfCH3EuXxea2qzeXfvCJ7ShM9_YC0FZVD018citkVziFKA&oe=65538A5A&_nc_sid=fc8dfb,day 132 (thanks for 6k!!) #seal #seals #sealsofinstagram #dailyseal #cute #cuteanimals #sealotd,"['seal', 'seals', 'sealsofinstagram', 'dailyseal', 'cute', 'cuteanimals', 'sealotd']",20055,170,,2019-09-18 10:38:59,GraphImage
8,sealotd,42022,58,False,N/A,https://scontent-dfw5-2.cdninstagram.com/v/t51.2885-15/341368018_173162815632283_6033651730126828041_n.jpg?stp=dst-jpg_e35&efg=eyJ2ZW5jb2RlX3RhZyI6ImltYWdlX3VybGdlbi42NDB4NTUyLnNkciJ9&_nc_ht=scontent-dfw5-2.cdninstagram.com&_nc_cat=107&_nc_ohc=LojLXvKwQNYAX_XOlm6&edm=ALQROFkBAAAA&ccb=7-5&ig_cache_key=MzA4MTQ5NDU4NjA1MzUyMjEwMg%3D%3D.2-ccb7-5&oh=00_AfA4zk10qrOVhCmY8hAtpHlrmTux89Cvs80dY-33lWomPA&oe=65537EC2&_nc_sid=fc8dfb,day 1429 #silly,['silly'],19432,36,,2023-04-15 12:46:42,GraphImage
9,sealotd,42022,58,False,N/A,https://scontent-dfw5-2.cdninstagram.com/v/t51.2885-15/306872279_817857999665716_7305911673847946967_n.jpg?stp=dst-jpg_e35&efg=eyJ2ZW5jb2RlX3RhZyI6ImltYWdlX3VybGdlbi41Njd4Mzc4LnNkciJ9&_nc_ht=scontent-dfw5-2.cdninstagram.com&_nc_cat=104&_nc_ohc=GHUs5yKLBe4AX9w1AX1&edm=ALQROFkBAAAA&ccb=7-5&ig_cache_key=MjkyNzgxNzQ0MDAxODc5OTI4Ng%3D%3D.2-ccb7-5&oh=00_AfBMoYH6V82X7b5hFHzJS04scbKXyeaKx3gaO56lByTnoA&oe=6553702C&_nc_sid=fc8dfb,day 1231 #niko,['niko'],18447,33,,2022-09-15 11:57:38,GraphImage
